Activity ID,Date,Person,Call Connect,Pitch,Disposition,Customer Account ID
00034tQ,9/11/2024,,No Answer,N/A,N/A,17482
00kh6E5,9/3/2024,,No Answer,N/A,N/A,76518
01pElO8,9/12/2024,Owner,Connected,AI,No interest,10898
026tfz5,9/12/2024,,No Answer,N/A,N/A,53359
02cNE8F,9/3/2024,Manager,Connected,Operator,Deferred to Other Stakeholder,26600
0498JpwY8S,9/6/2024,Owner,Connected,AI,Engaged,29419
04n43O0,9/5/2024,,No Answer,N/A,N/A,33786
05cdPMN,9/6/2024,,No Answer,N/A,N/A,85513
06Q6UJH,9/9/2024,Manager,Connected,Operator,No Interest,97655
06RHo83,9/6/2024,,No Answer,N/A,N/A,40510
07IT4x0,9/5/2024,Manager,Connected,Smooth,No Interest,57549
07XTDXe8Lq,9/5/2024,Manager,Connected,Smooth,No Interest,97786
08TMuuE,9/13/2024,,No Answer,N/A,N/A,18109
0aUaItG,9/11/2024,,No Answer,N/A,N/A,65981
0B20qCI,9/3/2024,Manager,Connected,Operator,Deferred to Other Stakeholder,56722
0B9hWB0,9/3/2024,Manager,Connected,AI,Deferred to Other Stakeholder,34482
0BiMO0I,9/13/2024,,No Answer,N/A,N/A,24007
0D0NaZC,9/5/2024,Manager,Connected,AI,No Interest,99342
0D29OY2,9/2/2024,Manager,Connected,Smooth,No Interest,64191
0HoT942,9/5/2024,Manager,Connected,Operator,Deferred to Other Stakeholder,20434
0jtTU3E,9/12/2024,Manager,Connected,Smooth,No Interest,64215
0kFq3lF,9/9/2024,,No Answer,N/A,N/A,10820
0KlzO2pz03,9/11/2024,Manager,Connected,AI,No Interest,18636
0m8P98Y,9/11/2024,Manager,Connected,Operator,No Interest,55492
0M9c0o4,9/5/2024,Manager,Connected,Operator,No Interest,36110
0NOTA4aW2W,9/4/2024,Manager,Connected,Operator,No Interest,37254
0OsS46oqNs,9/2/2024,Manager,Connected,Operator,No Interest,15889
0RSUyR7,9/13/2024,,No Answer,N/A,N/A,11661
0t31494,9/4/2024,,No Answer,N/A,N/A,15041
0t7B9DT,9/5/2024,,No Answer,N/A,N/A,54823
0Tq4boR,9/11/2024,Manager,Connected,Operator,Deferred to Other Stakeholder,68194
0V586Kd43g,9/3/2024,,No Answer,N/A,N/A,35026
0VdsG7vp1g,9/10/2024,,No Answer,N/A,N/A,72918
0VFJGnX,9/11/2024,,No Answer,N/A,N/A,27566
0vvdjn1,9/4/2024,Manager,Connected,Smooth,No Interest,65162
0W8L1Fs0Zs,9/3/2024,,No Answer,N/A,N/A,71760
0wH33urw4P,9/12/2024,Owner,Connected,AI,Engaged,70282
0wo095drW2,9/12/2024,,No Answer,N/A,N/A,11992
0xr7kae269,9/12/2024,Manager,Connected,Smooth,Deferred to Other Stakeholder,58433
0zi9Lw3,9/3/2024,,No Answer,N/A,N/A,62995
0zk0yn3,9/5/2024,Owner,Connected,AI,No Interest,28249
0zu4kq2,9/13/2024,Manager,Connected,Operator,Engaged,28568
12257vX,9/9/2024,,No Answer,N/A,N/A,15354
12VdLYyTCx,9/12/2024,Manager,Connected,Operator,Deferred to Other Stakeholder,81175
131RhqS,9/13/2024,Owner,Connected,Operator,Engaged,65321
14lwn5vn0C,9/12/2024,Manager,Connected,Operator,No Interest,34526
156t905,9/6/2024,Manager,Connected,Smooth,Deferred to Other Stakeholder,70431
15su0pT,9/5/2024,Manager,Connected,Smooth,No Interest,71476
166cPfJ,9/3/2024,,No Answer,N/A,N/A,41747
168z4U8,9/2/2024,,No Answer,N/A,N/A,43988
16i2aO7,9/11/2024,Manager,Connected,Operator,Deferred to Other Stakeholder,14887
185vPd2,9/6/2024,Manager,Connected,Operator,No Interest,35022
18feO5D,9/6/2024,Owner,Connected,Operator,Engaged,53968
199DcYv8v6,9/2/2024,Owner,Connected,AI,Engaged,32755
1Ad5tG8,9/11/2024,,No Answer,N/A,N/A,30153
1b1KUWpP3N,9/5/2024,Manager,Connected,Operator,No Interest,86162
1B3NgQ4,9/12/2024,Owner,Connected,Smooth,No interest,59034
1BEwT0bzcD,9/2/2024,,No Answer,N/A,N/A,91418
1DKv545,9/5/2024,,No Answer,N/A,N/A,78465
1dRE925,9/10/2024,Manager,Connected,Smooth,Deferred to Other Stakeholder,64014
1drok42,9/5/2024,Manager,Connected,Operator,Engaged,38343
1EtMatvJmG,9/3/2024,Manager,Connected,Smooth,Deferred to Other Stakeholder,32361
1EV7IPnBh5,9/13/2024,Manager,Connected,Smooth,No Interest,19380
1f3v1pW,9/13/2024,Owner,Connected,AI,No interest,87232
1isq04sG61,9/13/2024,Manager,Connected,Operator,Engaged,92102
1kfgSYmc29,9/3/2024,Owner,Connected,Operator,Deferred to Other Stakeholder,39158
1KkNYt1,9/13/2024,Manager,Connected,AI,Engaged,60437
1KkNYt6,9/13/2024,Owner,Connected,AI,Engaged,60437
1MjmaXF,9/9/2024,Manager,Connected,AI,No Interest,72377
1N4574wH9n,9/12/2024,,No Answer,N/A,N/A,20513
1o6D45T,9/10/2024,Owner,Connected,Operator,No interest,61213
1Oj1DmkGCC,9/4/2024,,No Answer,N/A,N/A,87476
1p4KiLF,9/12/2024,,No Answer,N/A,N/A,93247
1qSvOqM,9/13/2024,,No Answer,N/A,N/A,89548
1REHzqJ,9/10/2024,Owner,Connected,Operator,Engaged,61147
1RJl77tKZM,9/6/2024,Manager,Connected,AI,No Interest,21261
1uQ8Q25,9/5/2024,Manager,Connected,Smooth,No Interest,57186
1vsfZG9,9/6/2024,Manager,Connected,Operator,No Interest,35257
1x1Ng2jYo4,9/9/2024,,No Answer,N/A,N/A,60472
1ZUyjXnVXG,9/11/2024,,No Answer,N/A,N/A,15303
20FkgVG,9/12/2024,,No Answer,N/A,N/A,62938
21691U4,9/11/2024,Owner,Connected,AI,No Interest,39377
23K3O4U,9/10/2024,,No Answer,N/A,N/A,84730
25S9i22,9/13/2024,Manager,Connected,Operator,No Interest,44349
26TAbHO,9/5/2024,Owner,Connected,AI,No interest,59675
27c0ChlKsI,9/2/2024,Manager,Connected,Operator,Deferred to Other Stakeholder,18149
2aeUUva9O5,9/4/2024,,No Answer,N/A,N/A,22897
2B0790Z,9/5/2024,Manager,Connected,Smooth,No Interest,96565
2BP4L8bzZh,9/13/2024,,No Answer,N/A,N/A,19952
2c2nfOQ,9/9/2024,Manager,Connected,AI,Deferred to Other Stakeholder,23317
2c8gU0D,9/2/2024,Manager,Connected,Operator,Deferred to Other Stakeholder,85841
2dN5HS7,9/4/2024,Owner,Connected,Operator,Engaged,54519
2E8i1Hk1tW,9/3/2024,Manager,Connected,Smooth,No Interest,79723
2eL1o7b9Pg,9/12/2024,Manager,Connected,Smooth,Deferred to Other Stakeholder,91828
2H218HpxW3,9/5/2024,Manager,Connected,Smooth,Deferred to Other Stakeholder,56716
2JkybrfP4A,9/2/2024,Manager,Connected,Operator,No Interest,66568
2mFcKW5,9/12/2024,Manager,Connected,AI,No Interest,16938
2r37T6ee4c,9/3/2024,,No Answer,N/A,N/A,60458
2sdKYy4,9/3/2024,,No Answer,N/A,N/A,42555
2tqZ5w7,9/4/2024,Owner,Connected,Smooth,Engaged,27933
2VlFVd0,9/11/2024,Manager,Connected,Smooth,No Interest,12090
2vp4sX7,9/5/2024,,No Answer,N/A,N/A,11620
2zIyx4ao3R,9/6/2024,Manager,Connected,Smooth,No Interest,14733
2ZzHb4K,9/9/2024,,No Answer,N/A,N/A,87088
32gpKZO,9/10/2024,Owner,Connected,Smooth,Engaged,60169
345u0LsrcW,9/13/2024,Owner,Connected,Smooth,Engaged,79789
34Mln9aK1o,9/9/2024,Manager,Connected,Operator,No Interest,66954
34N0WqpUMy,9/4/2024,,No Answer,N/A,N/A,82050
3772G59,9/6/2024,,No Answer,N/A,N/A,59721
37pA9V8,9/2/2024,,No Answer,N/A,N/A,24631
38yi7b0,9/10/2024,,No Answer,N/A,N/A,12953
38ZCS7w78I,9/6/2024,,No Answer,N/A,N/A,41220
3BPYz91,9/6/2024,,No Answer,N/A,N/A,50449
3e5CjBsdBi,9/4/2024,Manager,Connected,Smooth,No Interest,64202
3EH386K,9/6/2024,,No Answer,N/A,N/A,21941
3G97OJM,9/10/2024,,No Answer,N/A,N/A,41683
3GT4632,9/4/2024,Owner,Connected,Smooth,Engaged,91103
3gz18KB,9/9/2024,,No Answer,N/A,N/A,32370
3h674YC,9/9/2024,,No Answer,N/A,N/A,24626
3i03iH1,9/2/2024,Manager,Connected,AI,No Interest,80100
3i251hfczt,9/4/2024,Manager,Connected,AI,Deferred to Other Stakeholder,72298
3I2Z6D2,9/13/2024,Manager,Connected,Smooth,No Interest,75943
3l4fa3z23j,9/10/2024,Manager,Connected,Operator,No Interest,36150
3n3rq0V,9/6/2024,,No Answer,N/A,N/A,33019
3nD3960,9/2/2024,,No Answer,N/A,N/A,35551
3nG2L95,9/2/2024,Manager,Connected,AI,No Interest,21828
3o3GQZeu0a,9/13/2024,Manager,Connected,Smooth,No Interest,69899
3o83Rm2,9/10/2024,Manager,Connected,AI,Deferred to Other Stakeholder,65989
3q08TDC,9/5/2024,Manager,Connected,Smooth,No Interest,77688
3U1P33r9f2,9/2/2024,Manager,Connected,Smooth,No Interest,95299
3u9R7DU,9/10/2024,,No Answer,N/A,N/A,92388
3Ut885o59r,9/2/2024,,No Answer,N/A,N/A,31329
3VSb8To8X9,9/10/2024,,No Answer,N/A,N/A,79683
3yCC3V9,9/5/2024,,No Answer,N/A,N/A,32374
3Zdhva8,9/13/2024,Manager,Connected,AI,No Interest,73194
406Z4b3,9/6/2024,Manager,Connected,Smooth,No Interest,16698
429D9ulSwK,9/6/2024,Manager,Connected,AI,Deferred to Other Stakeholder,59348
42J7i8kT5k,9/3/2024,Manager,Connected,Operator,No Interest,45721
42om4iv79L,9/11/2024,Owner,Connected,AI,Engaged,55501
42U2KY0,9/12/2024,,No Answer,N/A,N/A,57270
45C9r2i68o,9/6/2024,Owner,Connected,AI,Engaged,15642
45qGLs9,9/6/2024,Manager,Connected,Operator,Deferred to Other Stakeholder,44219
46TN1fT,9/6/2024,,No Answer,N/A,N/A,88124
4a5LIy9,9/3/2024,Manager,Connected,Operator,No Interest,74433
4Bmb30z49A,9/11/2024,Manager,Connected,AI,Deferred to Other Stakeholder,11467
4C7cH67,9/9/2024,,No Answer,N/A,N/A,88137
4czW7EL,9/6/2024,Manager,Connected,AI,No Interest,94986
4eK2aE3,9/4/2024,,No Answer,N/A,N/A,12754
4ezh55l78x,9/2/2024,,No Answer,N/A,N/A,74523
4f7t501,9/11/2024,,No Answer,N/A,N/A,50472
4Fvr4Max34,9/11/2024,,No Answer,N/A,N/A,81704
4Gc2RVpkbe,9/5/2024,Owner,Connected,Smooth,Engaged,68828
4hC5i8W,9/13/2024,Manager,Connected,Smooth,No Interest,65269
4i5yxKrfk4,9/13/2024,Manager,Connected,Operator,No Interest,13064
4jJ5C61,9/11/2024,,No Answer,N/A,N/A,63706
4JKt6E8,9/12/2024,,No Answer,N/A,N/A,76241
4lNTd04,9/11/2024,Manager,Connected,Operator,Deferred to Other Stakeholder,26061
4lw1UJO,9/3/2024,Owner,Connected,Operator,No interest,34310
4OGsoUT,9/12/2024,Owner,Connected,Smooth,No interest,99709
4oR63QyVit,9/5/2024,Manager,Connected,Smooth,No Interest,70409
4QvbhGhj7O,9/2/2024,Owner,Connected,Smooth,Engaged,69878
4rAZz87,9/4/2024,Manager,Connected,Smooth,No Interest,65102
4S9Y8Dtl51,9/6/2024,Owner,Connected,Smooth,Engaged,93812
4W8YVJ9,9/5/2024,Owner,Connected,Smooth,Engaged,97627
4y6hmhC,9/6/2024,,No Answer,N/A,N/A,21123
507o6ZB,9/2/2024,,No Answer,N/A,N/A,24823
50fyT8H,9/2/2024,Manager,Connected,AI,No Interest,72754
51FxSzN,9/4/2024,Owner,Connected,Operator,No interest,36188
525i09y3nN,9/3/2024,Manager,Connected,Operator,No Interest,92445
52TUH63,9/4/2024,,No Answer,N/A,N/A,36774
5381UwS,9/6/2024,Owner,Connected,Smooth,Engaged,36026
540QY7K,9/9/2024,,No Answer,N/A,N/A,22285
542IHCM,9/11/2024,,No Answer,N/A,N/A,51831
548h5HC,9/13/2024,Manager,Connected,Operator,No Interest,62640
55G1u6O,9/6/2024,,No Answer,N/A,N/A,16259
55U9S05,9/13/2024,Owner,Connected,AI,No interest,74187
56j33U1,9/9/2024,,No Answer,N/A,N/A,37935
56x37A6,9/3/2024,,No Answer,N/A,N/A,97336
5A2dPMq4lw,9/12/2024,,No Answer,N/A,N/A,97257
5BH6ZXX,9/10/2024,Manager,Connected,Operator,No Interest,66319
5CG4z15,9/12/2024,Manager,Connected,Operator,Deferred to Other Stakeholder,43486
5CrgWyjw5B,9/6/2024,Manager,Connected,Operator,Engaged,12068
5CS80YP,9/5/2024,Owner,Connected,Smooth,Engaged,30249
5csP628,9/13/2024,,No Answer,N/A,N/A,22022
5DMQ612,9/13/2024,Manager,Connected,Smooth,No Interest,79534
5DpM974,9/10/2024,Manager,Connected,Smooth,No Interest,94428
5f4rLzjacA,9/5/2024,Manager,Connected,AI,No Interest,82766
5G3F46rc3G,9/12/2024,Manager,Connected,Operator,No Interest,44305
5HongD3,9/6/2024,Manager,Connected,Operator,No Interest,34538
5IB21tZ,9/2/2024,Owner,Connected,AI,Engaged,91082
5jD3LA7,9/10/2024,Manager,Connected,AI,No Interest,97081
5JEei1S,9/10/2024,Manager,Connected,Smooth,Deferred to Other Stakeholder,64767
5Jtf54Y,9/13/2024,,No Answer,N/A,N/A,31111
5L78YHP,9/6/2024,,No Answer,N/A,N/A,10136
5ltU17U,9/13/2024,Manager,Connected,Operator,No Interest,39096
5Mb4k4xjEZ,9/6/2024,,No Answer,N/A,N/A,66573
5MsAoSlX6b,9/2/2024,Manager,Connected,Smooth,No Interest,83395
5N95Bg5,9/4/2024,Manager,Connected,Smooth,No Interest,90539
5NQBMVI,9/13/2024,Owner,Connected,Operator,No interest,99072
5P8vtfY,9/13/2024,Manager,Connected,AI,Deferred to Other Stakeholder,99997
5PEU210,9/6/2024,Manager,Connected,AI,No Interest,51982
5pLbcMQ,9/10/2024,Manager,Connected,Smooth,No Interest,50449
5qkMRv9,9/3/2024,Manager,Connected,Operator,Deferred to Other Stakeholder,76842
5SlA86M,9/10/2024,Manager,Connected,AI,No Interest,27716
5T6t71xXQU,9/3/2024,,No Answer,N/A,N/A,68617
5u4dcQ5,9/3/2024,Manager,Connected,AI,Engaged,75084
5vbk261,9/4/2024,,No Answer,N/A,N/A,51571
5w1TXY9,9/2/2024,Manager,Connected,Smooth,No Interest,90644
5WT7hGnPtO,9/6/2024,,No Answer,N/A,N/A,56049
5x58ZoP,9/4/2024,,No Answer,N/A,N/A,15993
61YazIM,9/10/2024,,No Answer,N/A,N/A,23164
6455pQM,9/4/2024,Owner,Connected,Operator,Engaged,28617
66625lU,9/3/2024,Manager,Connected,Smooth,No Interest,50068
66Wf8MM,9/13/2024,Manager,Connected,Operator,No Interest,37038
67b5M4kY51,9/13/2024,Manager,Connected,Operator,No Interest,80163
67M2IwD,9/12/2024,Owner,Connected,Smooth,Engaged,68388
688qG22,9/2/2024,,No Answer,N/A,N/A,74613
68NwCf6,9/4/2024,Manager,Connected,Smooth,No Interest,51186
6aW238vvx2,9/13/2024,Owner,Connected,Operator,Engaged,32430
6BLb7BQ,9/3/2024,Manager,Connected,Smooth,Deferred to Other Stakeholder,26680
6DQNOnQ,9/11/2024,,No Answer,N/A,N/A,10021
6fD9A49,9/4/2024,,No Answer,N/A,N/A,90277
6ffEzCu0l4,9/4/2024,,No Answer,N/A,N/A,63467
6i4J1XE,9/12/2024,Owner,Connected,Smooth,Engaged,62680
6kx515unRK,9/3/2024,Manager,Connected,Smooth,Deferred to Other Stakeholder,53890
6md0752,9/11/2024,Manager,Connected,AI,No interest,96289
6N495meY46,9/12/2024,Manager,Connected,AI,No Interest,52725
6PpxLlL,9/2/2024,,No Answer,N/A,N/A,51832
6VF26O8,9/5/2024,,No Answer,N/A,N/A,51529
6VI0LAS,9/4/2024,Manager,Connected,AI,Deferred to Other Stakeholder,40484
6xjQi6bY83,9/6/2024,Manager,Connected,Smooth,No Interest,64985
6Xl00UF,9/12/2024,Manager,Connected,Operator,Deferred to Other Stakeholder,44579
6yJLTl2,9/2/2024,Owner,Connected,Smooth,No interest,17735
6zPxAg2,9/9/2024,,No Answer,N/A,N/A,94444
6zQhq32,9/5/2024,,No Answer,N/A,N/A,60145
706SEtp1F3,9/12/2024,Manager,Connected,Operator,No Interest,40418
70Nr775,9/12/2024,,No Answer,N/A,N/A,99069
70PM2xx8w0,9/6/2024,Owner,Connected,AI,Engaged,85409
71C80mC,9/9/2024,Manager,Connected,Operator,No Interest,14470
71ikwvlVU3,9/10/2024,Owner,Connected,Smooth,Engaged,73883
71Jks22,9/12/2024,Manager,Connected,Smooth,No Interest,58129
7209tN7,9/6/2024,,No Answer,N/A,N/A,41796
72i0TWu2TK,9/3/2024,,No Answer,N/A,N/A,39540
72us109,9/4/2024,,No Answer,N/A,N/A,56827
73jWf44,9/9/2024,Manager,Connected,Operator,No Interest,41895
755ESB9,9/2/2024,Manager,Connected,Smooth,No Interest,80301
7666YitQ0t,9/12/2024,Owner,Connected,Smooth,Engaged,66095
76g8x84,9/12/2024,Manager,Connected,Smooth,Deferred to Other Stakeholder,81125
777L12mduy,9/10/2024,Manager,Connected,Operator,Deferred to Other Stakeholder,60930
77h1LbM,9/13/2024,Manager,Connected,Smooth,No Interest,16161
78l7d6V,9/2/2024,,No Answer,N/A,N/A,25913
7bT5Qt9,9/13/2024,Manager,Connected,Smooth,Engaged,70123
7C0gQbqe97,9/3/2024,,No Answer,N/A,N/A,26069
7cdsE6F,9/4/2024,,No Answer,N/A,N/A,86965
7cpce76,9/9/2024,Manager,Connected,Operator,Deferred to Other Stakeholder,44370
7d5FSIA,9/12/2024,Manager,Connected,Smooth,No Interest,92553
7dI5e5vLmX,9/3/2024,,No Answer,N/A,N/A,95324
7Dn5Qw2,9/2/2024,,No Answer,N/A,N/A,83262
7DT2X8G,9/12/2024,Manager,Connected,Operator,Deferred to Other Stakeholder,43854
7FDWmTX,9/2/2024,Manager,Connected,Smooth,No Interest,91532
7hh269Y,9/3/2024,Manager,Connected,Operator,No Interest,37539
7HOeMIb348,9/2/2024,Manager,Connected,Operator,No Interest,47655
7ix8udjvwn,9/5/2024,Manager,Connected,Operator,No Interest,59767
7j6kiwvNSb,9/6/2024,,No Answer,N/A,N/A,93152
7JOxQhfxE3,9/6/2024,Manager,Connected,Operator,No Interest,75413
7M9J5m9,9/6/2024,Owner,Connected,Operator,No interest,55853
7o16php4zS,9/4/2024,,No Answer,N/A,N/A,35806
7O3YYMU,9/11/2024,,No Answer,N/A,N/A,85240
7O6JvAb918,9/6/2024,,No Answer,N/A,N/A,25076
7o9dUHK,9/9/2024,Manager,Connected,AI,Deferred to Other Stakeholder,65281
7P1sU38,9/11/2024,Manager,Connected,AI,No Interest,97956
7p8j418,9/2/2024,,No Answer,N/A,N/A,88263
7pq3d5L,9/3/2024,Manager,Connected,AI,No interest,88259
7PUdACB,9/10/2024,,No Answer,N/A,N/A,57094
7PV3R5b1R9,9/13/2024,Manager,Connected,Smooth,Deferred to Other Stakeholder,74818
7QlyU00,9/6/2024,Manager,Connected,Smooth,Deferred to Other Stakeholder,29849
7T76poG,9/13/2024,,No Answer,N/A,N/A,92947
7uaeWWZ,9/10/2024,Manager,Connected,Smooth,Deferred to Other Stakeholder,71727
7vJXI8Z,9/4/2024,,No Answer,N/A,N/A,89713
7x1x597,9/3/2024,Manager,Connected,Operator,Deferred to Other Stakeholder,59142
7ZI5rq5,9/10/2024,,No Answer,N/A,N/A,74350
80R1r7N,9/9/2024,,No Answer,N/A,N/A,76629
8173Ti4,9/12/2024,,No Answer,N/A,N/A,76921
824yvXB,9/2/2024,Manager,Connected,Smooth,No Interest,20797
82Wsi30,9/13/2024,,No Answer,N/A,N/A,71300
832ig4Z,9/11/2024,Manager,Connected,Smooth,No Interest,15632
838YTYK,9/10/2024,Owner,Connected,AI,Engaged,31433
839hGVl7Ec,9/10/2024,Owner,Connected,AI,No Interest,60116
84YP3s7,9/11/2024,Owner,Connected,AI,No interest,85585
858WEj3,9/11/2024,Owner,Connected,Operator,Engaged,48193
85AR5GU,9/4/2024,Owner,Connected,Smooth,Engaged,85913
85c7lb2,9/2/2024,Manager,Connected,Operator,Deferred to Other Stakeholder,18438
85cxIMaFd9,9/6/2024,,No Answer,N/A,N/A,96696
86GaarL,9/12/2024,Owner,Connected,Operator,Engaged,91071
87Q2aW0,9/12/2024,Manager,Connected,Smooth,Engaged,65538
87Q2aW1,9/12/2024,Owner,Connected,Smooth,Engaged,65538
882tdq5,9/2/2024,,No Answer,N/A,N/A,32447
88j3I8H,9/13/2024,Owner,Connected,AI,No interest,15251
89c1LybA4l,9/11/2024,,No Answer,N/A,N/A,74188
8BK25KqvKT,9/4/2024,Manager,Connected,Smooth,No Interest,50900
8BtP335,9/11/2024,Owner,Connected,AI,Engaged,59180
8EHo5i7,9/9/2024,,No Answer,N/A,N/A,13753
8gRX2cD,9/5/2024,,No Answer,N/A,N/A,59507
8H8fxkH,9/12/2024,Owner,Connected,Smooth,Engaged,26390
8i34Gq9,9/2/2024,,No Answer,N/A,N/A,45319
8IBRUqoyRw,9/10/2024,,No Answer,N/A,N/A,86674
8JkaS70,9/11/2024,Manager,Connected,Operator,No Interest,12612
8Kl4J5llA1,9/2/2024,Manager,Connected,Smooth,No Interest,24076
8ltEJr7,9/10/2024,,No Answer,N/A,N/A,83516
8mfNuqk6Tx,9/10/2024,,No Answer,N/A,N/A,45619
8n7WmR1,9/11/2024,,No Answer,N/A,N/A,46590
8oUD671,9/10/2024,,No Answer,N/A,N/A,27365
8OvNPcku14,9/13/2024,Manager,Connected,Operator,Engaged,45757
8q8DIa7,9/10/2024,Manager,Connected,Operator,No Interest,69154
8s3I2Sdj83,9/13/2024,,No Answer,N/A,N/A,84388
8s9meHA,9/11/2024,Manager,Connected,Smooth,No Interest,18433
8SvbND2,9/12/2024,Owner,Connected,Smooth,Engaged,39005
8tqFTn7,9/10/2024,,No Answer,N/A,N/A,12142
8xuki0n5HK,9/9/2024,Manager,Connected,Smooth,Engaged,63326
8YrO13fN6H,9/5/2024,Manager,Connected,Operator,No Interest,35335
900F27Q,9/9/2024,Manager,Connected,Smooth,Deferred to Other Stakeholder,98428
900t5UF,9/10/2024,Manager,Connected,Operator,No Interest,96436
90c2bKF,9/5/2024,Owner,Connected,Smooth,No interest,93394
90er6k4,9/11/2024,,No Answer,N/A,N/A,26454
9324han8H8,9/11/2024,Owner,Connected,AI,No interest,92071
93b7tBxlC2,9/10/2024,Manager,Connected,Operator,No Interest,85504
93tLSuyYDj,9/11/2024,Manager,Connected,Smooth,No Interest,25874
97PH4o9,9/4/2024,Manager,Connected,AI,No Interest,16186
97v4GVK,9/12/2024,Manager,Connected,Operator,Engaged,78636
99hC9P8,9/4/2024,Manager,Connected,AI,Engaged,26256
99p6zsy3s9,9/4/2024,Owner,Connected,Smooth,No interest,32074
99Q06cI,9/11/2024,,No Answer,N/A,N/A,67574
9aefLlT,9/11/2024,Manager,Connected,Operator,No Interest,32473
9agY121,9/6/2024,Manager,Connected,AI,Engaged,10821
9agY125,9/11/2024,Owner,Connected,AI,Engaged,10821
9b5GQ5C,9/11/2024,Manager,Connected,Smooth,No Interest,95512
9dy3dbgHZJ,9/6/2024,Owner,Connected,Smooth,Engaged,45874
9EQI8S7,9/11/2024,Manager,Connected,Operator,No Interest,90579
9f3MP5B,9/5/2024,Owner,Connected,Operator,No interest,99689
9FE7mI6,9/12/2024,,No Answer,N/A,N/A,31853
9Jkkn11,9/6/2024,Owner,Connected,Operator,Engaged,38708
9lOY0g8,9/2/2024,Manager,Connected,Operator,Deferred to Other Stakeholder,25452
9nALW63,9/3/2024,Owner,Connected,Smooth,Engaged,27756
9o9nIXO,9/6/2024,Manager,Connected,AI,Engaged,25737
9oH8bmzqtX,9/13/2024,,No Answer,N/A,N/A,72975
9tLwGma2XL,9/12/2024,Manager,Connected,Smooth,Deferred to Other Stakeholder,50210
9TSESTB,9/4/2024,,No Answer,N/A,N/A,50846
9uWuqJl7Fn,9/4/2024,,No Answer,N/A,N/A,92413
9YGin03,9/4/2024,Owner,Connected,Operator,No interest,90522
a2845a9,9/4/2024,Owner,Connected,Smooth,No interest,28728
a3Znqy8,9/9/2024,Manager,Connected,Smooth,Deferred to Other Stakeholder,28297
a6y01FR,9/13/2024,,No Answer,N/A,N/A,84676
a78vNKmnNA,9/13/2024,Manager,Connected,Operator,Deferred to Other Stakeholder,17560
a7vG8cQ,9/9/2024,,No Answer,N/A,N/A,61356
A80ZNxL,9/9/2024,,No Answer,N/A,N/A,96308
a96VnK7,9/5/2024,Owner,Connected,AI,No interest,59723
AASrDKY,9/9/2024,Manager,Connected,Operator,No Interest,41318
ACu8Rznel7,9/10/2024,,No Answer,N/A,N/A,39538
ADaZha2,9/10/2024,Manager,Connected,Smooth,No Interest,86608
aeFGwp7,9/3/2024,,No Answer,N/A,N/A,34552
Af2301xN53,9/2/2024,,No Answer,N/A,N/A,45402
Afw2fJfcpw,9/13/2024,Owner,Connected,Smooth,No interest,97027
AgdTeVL,9/9/2024,,No Answer,N/A,N/A,54254
agYG528,9/5/2024,Manager,Connected,AI,Deferred to Other Stakeholder,53717
aheYug3,9/2/2024,,No Answer,N/A,N/A,35313
AIE6x12,9/10/2024,Owner,Connected,Smooth,No interest,62952
ajoxQImbYD,9/11/2024,,No Answer,N/A,N/A,26980
Al7uK2j3k6,9/9/2024,Manager,Connected,Operator,Deferred to Other Stakeholder,95214
aNpSP6s348,9/10/2024,Owner,Connected,Smooth,Engaged,71529
aOUyj9A,9/10/2024,Manager,Connected,Operator,Deferred to Other Stakeholder,98391
ApftH4xg9i,9/13/2024,Manager,Connected,Smooth,No Interest,22676
Apqqq50,9/2/2024,Manager,Connected,Operator,No Interest,54884
aqQ1ozY,9/10/2024,,No Answer,N/A,N/A,90278
Au5tXI0,9/11/2024,,No Answer,N/A,N/A,56833
aVbyB9o6Fo,9/13/2024,Manager,Connected,Smooth,Deferred to Other Stakeholder,81004
b0207kjD7i,9/13/2024,Owner,Connected,Smooth,No interest,69851
B2NJTjW,9/2/2024,Manager,Connected,Operator,No Interest,69213
b31m45I,9/11/2024,Manager,Connected,Operator,Deferred to Other Stakeholder,43573
B32t62ql6x,9/13/2024,,No Answer,N/A,N/A,12652
B4A6hoH,9/3/2024,,No Answer,N/A,N/A,73022
B4gcHSU,9/3/2024,Manager,Connected,Operator,Engaged,41061
B75iBoO,9/13/2024,,No Answer,N/A,N/A,56869
bb010U6,9/9/2024,,No Answer,N/A,N/A,35605
bb0Br8F,9/9/2024,Owner,Connected,AI,No interest,72248
BblL4J4,9/11/2024,,No Answer,N/A,N/A,57231
bH8K626,9/10/2024,Owner,Connected,Operator,No interest,34765
bKw5UZ6,9/4/2024,,No Answer,N/A,N/A,76732
bl6yNW1,9/11/2024,Manager,Connected,AI,Engaged,64249
bl6yNW5,9/11/2024,Owner,Connected,AI,Engaged,64249
BOzRmm8,9/10/2024,Manager,Connected,Smooth,No Interest,94466
Bt60dtqH69,9/9/2024,,No Answer,N/A,N/A,56293
Btb1MFwhV9,9/9/2024,,No Answer,N/A,N/A,59603
bvbS7VR,9/2/2024,,No Answer,N/A,N/A,47541
bxna4t8,9/10/2024,Manager,Connected,Operator,No Interest,60567
BY18I9Z,9/3/2024,Manager,Connected,Smooth,Engaged,71440
By19agG,9/11/2024,Manager,Connected,Operator,No Interest,55013
bYN3zsE,9/13/2024,,No Answer,N/A,N/A,75226
C0PEy6q3sy,9/10/2024,Manager,Connected,Operator,No Interest,67619
C28JuIrd48,9/4/2024,,No Answer,N/A,N/A,88357
C4x0ODK,9/9/2024,Manager,Connected,Smooth,No Interest,21962
c7Ciaj8,9/10/2024,Manager,Connected,Smooth,No Interest,58168
c8RHF87,9/12/2024,Manager,Connected,Operator,No Interest,11104
CCOTxCo977,9/12/2024,Owner,Connected,Operator,Deferred to Other Stakeholder,21699
cCQH44sUfI,9/3/2024,Manager,Connected,Operator,Engaged,39849
cdmF59mc4M,9/12/2024,Manager,Connected,Smooth,No Interest,82514
Ceg69Y4,9/2/2024,,No Answer,N/A,N/A,94055
CeH565V,9/3/2024,Manager,Connected,Operator,Engaged,53878
cFqkO6s2Aq,9/3/2024,Manager,Connected,Smooth,Deferred to Other Stakeholder,43823
ChA5VlsF8c,9/3/2024,Manager,Connected,Operator,Deferred to Other Stakeholder,44510
chiSz0V,9/10/2024,Owner,Connected,Smooth,Engaged,73398
cJ903aZ,9/9/2024,,No Answer,N/A,N/A,77375
CkLpufJ,9/4/2024,Manager,Connected,Operator,No Interest,67660
cl8OTgQ,9/5/2024,Manager,Connected,Operator,No Interest,34930
cL9Vp4c0w0,9/9/2024,,No Answer,N/A,N/A,93934
clVBiIZ,9/2/2024,,No Answer,N/A,N/A,33507
CM49xtY,9/10/2024,Manager,Connected,Smooth,Deferred to Other Stakeholder,70238
co7plEwWq1,9/3/2024,,No Answer,N/A,N/A,69058
Com65n9,9/5/2024,,No Answer,N/A,N/A,74373
COmEuXz9mA,9/6/2024,Manager,Connected,Operator,No Interest,27596
COPs3QsJSk,9/6/2024,Manager,Connected,Operator,No Interest,28953
Cq7l0dD,9/5/2024,,No Answer,N/A,N/A,31196
cqWoqG6,9/6/2024,,No Answer,N/A,N/A,63243
CTq3UZ8,9/6/2024,Owner,Connected,AI,No interest,86623
CuzQt5H,9/9/2024,,No Answer,N/A,N/A,62201
CvfH181,9/12/2024,Manager,Connected,AI,Engaged,64884
CvfH18R,9/12/2024,Owner,Connected,AI,Engaged,64884
CW20tD6,9/9/2024,Manager,Connected,Operator,No Interest,46419
CX0MErO,9/9/2024,,No Answer,N/A,N/A,20223
Cxkt6YK,9/9/2024,,No Answer,N/A,N/A,26919
D020h49,9/9/2024,Manager,Connected,Smooth,Deferred to Other Stakeholder,59113
d05H7B5,9/5/2024,Owner,Connected,Smooth,Engaged,41098
d1k0qN6,9/5/2024,Owner,Connected,Smooth,Engaged,50298
D22z3gB,9/2/2024,Manager,Connected,Operator,No Interest,69434
d2660r0,9/6/2024,Owner,Connected,Smooth,Engaged,11707
d3wW0X7,9/11/2024,,No Answer,N/A,N/A,99361
D7hVtS0,9/3/2024,Manager,Connected,Smooth,Engaged,82891
Ddq8TKjGd2,9/12/2024,Owner,Connected,Smooth,Engaged,75560
Df99DUhUmw,9/6/2024,,No Answer,N/A,N/A,38449
DfF5U9I,9/5/2024,Manager,Connected,Operator,No Interest,69140
DImycuU,9/11/2024,Owner,Connected,AI,No interest,91089
DjY30fY,9/6/2024,Owner,Connected,Smooth,No interest,70596
dk8u0or9mm,9/2/2024,,No Answer,N/A,N/A,43509
dkH858mOGa,9/11/2024,Manager,Connected,AI,Deferred to Other Stakeholder,20504
DnE9zHw2yl,9/6/2024,,No Answer,N/A,N/A,99993
dQAoEvC,9/9/2024,Manager,Connected,Operator,No Interest,33200
DS6c18W,9/4/2024,Owner,Connected,Operator,No interest,48973
dSbm291,9/10/2024,Owner,Connected,Operator,No interest,30726
dtA2i3ovxd,9/5/2024,Manager,Connected,AI,Engaged,16950
Dv13791,9/10/2024,Manager,Connected,Operator,No Interest,35399
DWq5R53,9/2/2024,,No Answer,N/A,N/A,27776
dxK1cLfIB9,9/2/2024,,No Answer,N/A,N/A,45645
dyCAxE6,9/11/2024,Manager,Connected,Smooth,No Interest,31687
DzI6Xsjyl7,9/9/2024,,No Answer,N/A,N/A,55289
E0an7prkOJ,9/6/2024,Manager,Connected,Operator,Deferred to Other Stakeholder,73509
E0Bi27B,9/3/2024,Manager,Connected,AI,No interest,90174
E0oyW3W,9/3/2024,,No Answer,N/A,N/A,72128
E147qq4,9/2/2024,Manager,Connected,Operator,Deferred to Other Stakeholder,26730
E18DEOt3N7,9/6/2024,Manager,Connected,Operator,Deferred to Other Stakeholder,68435
e1skdqmHB6,9/3/2024,Owner,Connected,Operator,Engaged,48144
E250LWfOfd,9/13/2024,,No Answer,N/A,N/A,12251
E33I9wbSS8,9/6/2024,Owner,Connected,Operator,No interest,48134
E81G8gH,9/13/2024,Manager,Connected,AI,No interest,94293
e8l2672,9/2/2024,Manager,Connected,Operator,No Interest,47939
eB25Ydh1W0,9/4/2024,Manager,Connected,Smooth,No Interest,90911
EBV111M,9/13/2024,,No Answer,N/A,N/A,56350
ECM7iv0,9/6/2024,Owner,Connected,Smooth,No interest,75013
Ed3XNR5,9/9/2024,,No Answer,N/A,N/A,31919
EG61ZSb8si,9/2/2024,,No Answer,N/A,N/A,80071
EJ17w55,9/13/2024,,No Answer,N/A,N/A,84404
ej2Bc6F,9/12/2024,Owner,Connected,Smooth,Engaged,94723
EM8cPfU,9/12/2024,Manager,Connected,Smooth,Deferred to Other Stakeholder,56744
emezer2,9/12/2024,Manager,Connected,Operator,Deferred to Other Stakeholder,23190
en2tDuuTDj,9/9/2024,Owner,Connected,Operator,Engaged,95560
En97gNR,9/12/2024,,No Answer,N/A,N/A,27226
eOxhM3M,9/10/2024,Manager,Connected,Smooth,No Interest,64042
eoYZ27K,9/5/2024,Manager,Connected,Operator,No Interest,42115
eQ10Fs7,9/5/2024,,No Answer,N/A,N/A,62909
etZQh47,9/4/2024,,No Answer,N/A,N/A,28213
euk0kuB,9/3/2024,,No Answer,N/A,N/A,60086
EUmH24V,9/13/2024,Manager,Connected,Smooth,No Interest,21398
EV80E69,9/3/2024,Manager,Connected,Operator,Deferred to Other Stakeholder,16176
Ev98Z5C,9/13/2024,Manager,Connected,Smooth,Deferred to Other Stakeholder,92313
eW0YM57,9/13/2024,Owner,Connected,AI,No interest,17126
exai2Gixm7,9/11/2024,Owner,Connected,Operator,No interest,31580
Eyrm9o1,9/3/2024,,No Answer,N/A,N/A,59992
Ez4NOEq8x5,9/10/2024,Owner,Connected,Smooth,Engaged,76800
eze8rDx7I9,9/9/2024,Owner,Connected,Smooth,Engaged,90592
F21s07dGAQ,9/12/2024,,No Answer,N/A,N/A,53482
F22ME27,9/3/2024,Manager,Connected,AI,No Interest,47307
F3N2537,9/10/2024,Owner,Connected,Smooth,Engaged,31367
f57b5Tj8R7,9/4/2024,Manager,Connected,Smooth,No Interest,26867
f5H9fto9GE,9/3/2024,,No Answer,N/A,N/A,96825
F7K477hla0,9/12/2024,Owner,Connected,Operator,No interest,32177
f7Kl1GzsBu,9/11/2024,Owner,Connected,Operator,Engaged,46765
fDcfu1R,9/5/2024,,No Answer,N/A,N/A,66916
fdnGEaeuZR,9/11/2024,,No Answer,N/A,N/A,35387
fdo7u39,9/2/2024,Manager,Connected,Smooth,No Interest,73398
fHX6j4op9j,9/9/2024,,No Answer,N/A,N/A,62824
fHx8VbP,9/2/2024,Manager,Connected,Smooth,No Interest,50408
fiZPU8R,9/12/2024,,No Answer,N/A,N/A,57720
fJF1ASvL4c,9/12/2024,,No Answer,N/A,N/A,79988
foH8C8t3Y7,9/9/2024,,No Answer,N/A,N/A,19762
fPsejDR,9/13/2024,Manager,Connected,Operator,Deferred to Other Stakeholder,16715
FQ5Q6l5,9/10/2024,Manager,Connected,Operator,No Interest,56619
fQzSrBnjUU,9/11/2024,,No Answer,N/A,N/A,99281
fS5gyUzOTE,9/12/2024,Manager,Connected,AI,No Interest,59424
FTW99A5,9/10/2024,Owner,Connected,AI,No interest,31600
FVl7Z19,9/3/2024,Manager,Connected,Operator,No Interest,66419
FXD178uH2n,9/12/2024,,No Answer,N/A,N/A,16780
g10yT9w3kY,9/3/2024,Manager,Connected,Smooth,No Interest,51074
g650r43,9/9/2024,,No Answer,N/A,N/A,64249
G7sUl9wjIC,9/3/2024,Manager,Connected,AI,Deferred to Other Stakeholder,30923
Ga9ccuc9Jv,9/6/2024,Owner,Connected,Operator,No interest,44884
GaJB2Rd7si,9/10/2024,Manager,Connected,Operator,Deferred to Other Stakeholder,53626
gc8C5wlpAp,9/10/2024,Owner,Connected,AI,Engaged,81144
Gcvvc45,9/4/2024,Manager,Connected,Operator,No Interest,83452
Ge52cnH,9/5/2024,Owner,Connected,Operator,Engaged,27947
GhOK4tjy4A,9/13/2024,,No Answer,N/A,N/A,74057
ghoPvu6,9/6/2024,Owner,Connected,Smooth,Engaged,16122
gisUMCH,9/5/2024,,No Answer,N/A,N/A,72471
gKS1dVL,9/2/2024,,No Answer,N/A,N/A,23238
gleU92bzt1,9/11/2024,Manager,Connected,Smooth,No Interest,50960
gr1b677,9/9/2024,,No Answer,N/A,N/A,78713
grIzZVa15m,9/2/2024,Manager,Connected,AI,No Interest,31128
GT09hPD,9/11/2024,Owner,Connected,Smooth,Engaged,73398
gTw1i2q7B9,9/11/2024,,No Answer,N/A,N/A,87432
GUJXT0G,9/9/2024,Owner,Connected,Operator,Engaged,91113
gWGlyuP,9/6/2024,Manager,Connected,AI,No Interest,65538
GYm7G1Z,9/6/2024,,No Answer,N/A,N/A,73852
GYv3h1J,9/11/2024,Manager,Connected,AI,No interest,90689
GzXs72D,9/5/2024,Owner,Connected,Smooth,Engaged,31798
H3lvfVT,9/6/2024,,No Answer,N/A,N/A,95232
h3UtHY0,9/4/2024,,No Answer,N/A,N/A,36298
H3x3rw7,9/10/2024,Manager,Connected,Smooth,No Interest,95665
h4zx9c3,9/12/2024,,No Answer,N/A,N/A,62054
h5GS9OiC5a,9/2/2024,,No Answer,N/A,N/A,45302
h818ZM5,9/4/2024,Manager,Connected,Operator,Deferred to Other Stakeholder,43341
HA691B7,9/13/2024,,No Answer,N/A,N/A,64198
HbdHVmZ,9/10/2024,Manager,Connected,Operator,No Interest,78171
hfbaQfI,9/9/2024,,No Answer,N/A,N/A,22379
HHbHCdwN21,9/11/2024,Manager,Connected,Operator,No Interest,53417
Hl8sF29,9/4/2024,Manager,Connected,Smooth,No Interest,83588
hlq4x2F,9/2/2024,,No Answer,N/A,N/A,64196
hM9YNV0,9/13/2024,Manager,Connected,Smooth,No Interest,62892
hmLT2Q6,9/10/2024,,No Answer,N/A,N/A,94621
HMou8xb9D7,9/13/2024,Manager,Connected,Operator,Deferred to Other Stakeholder,18262
hQM1OAwYZ7,9/3/2024,,No Answer,N/A,N/A,67718
hQrvCJ1,9/13/2024,Manager,Connected,AI,Engaged,56019
hQrvCJJ,9/13/2024,Owner,Connected,AI,Engaged,56019
hs26c2P,9/3/2024,,No Answer,N/A,N/A,25493
HSQc3rZ,9/2/2024,,No Answer,N/A,N/A,59069
Htjl595,9/5/2024,,No Answer,N/A,N/A,46691
Hv56robba4,9/6/2024,Manager,Connected,Smooth,Engaged,58660
HvH9IJM,9/10/2024,Owner,Connected,AI,Engaged,66203
HVIaTvD,9/3/2024,Owner,Connected,AI,No interest,94584
HZ31W41,9/2/2024,,No Answer,N/A,N/A,16592
hZXHx4lF14,9/13/2024,,No Answer,N/A,N/A,20066
I2wezgrg1d,9/4/2024,,No Answer,N/A,N/A,25455
I4D6cKqn89,9/10/2024,Manager,Connected,Smooth,No Interest,58138
i4RcaHI,9/3/2024,Owner,Connected,AI,No interest,98661
i529YjU,9/13/2024,,No Answer,N/A,N/A,23310
I7ytd1sTL0,9/10/2024,Manager,Connected,AI,No Interest,79592
ICj9c5hMYJ,9/11/2024,Manager,Connected,Operator,Deferred to Other Stakeholder,42957
iCQRaFmaV0,9/12/2024,Owner,Connected,AI,No interest,81101
iEZ31e6,9/12/2024,,No Answer,N/A,N/A,40685
if1p5F1,9/10/2024,Owner,Connected,Smooth,Engaged,69933
iFZ35PX,9/2/2024,,No Answer,N/A,N/A,17722
iIx4S7x042,9/3/2024,,No Answer,N/A,N/A,62770
IJ1ltPB,9/2/2024,,No Answer,N/A,N/A,86904
IKCk29j0nj,9/4/2024,Owner,Connected,AI,Engaged,26079
ILG67SokOq,9/13/2024,,No Answer,N/A,N/A,12742
ILz24XO,9/2/2024,,No Answer,N/A,N/A,78354
IMOUJc0,9/10/2024,,No Answer,N/A,N/A,11642
IOz2SxC,9/4/2024,Manager,Connected,Operator,No Interest,73026
it7ok3Q,9/4/2024,,No Answer,N/A,N/A,32893
iT9265sD1r,9/12/2024,Owner,Connected,Operator,Engaged,19450
IUNZlV6,9/13/2024,Manager,Connected,Operator,Deferred to Other Stakeholder,68963
Iv2p715,9/3/2024,Manager,Connected,Smooth,Engaged,94881
IVG2rIU,9/4/2024,Manager,Connected,Operator,No Interest,82906
j0miBNV,9/9/2024,,No Answer,N/A,N/A,12570
j0rd1OD,9/6/2024,Manager,Connected,Operator,Deferred to Other Stakeholder,44461
J3cZB2R,9/11/2024,Manager,Connected,Smooth,No Interest,66095
j3UfzT7,9/5/2024,,No Answer,N/A,N/A,66703
J48f7T8,9/6/2024,Owner,Connected,AI,No Interest,78698
J4H74RfM5B,9/13/2024,Manager,Connected,AI,No Interest,81547
j67uH5zKBV,9/13/2024,Manager,Connected,Smooth,No Interest,25173
j76GCf9,9/12/2024,Manager,Connected,Smooth,No Interest,99335
j8X4KH2,9/6/2024,Manager,Connected,AI,Engaged,64760
JApIsqX,9/3/2024,,No Answer,N/A,N/A,54448
jBaq9mxEZn,9/5/2024,,No Answer,N/A,N/A,62722
JBKMnh6,9/3/2024,Manager,Connected,Smooth,Deferred to Other Stakeholder,56768
jcwT2BS,9/4/2024,Manager,Connected,Operator,Engaged,88175
jdodz6U,9/6/2024,,No Answer,N/A,N/A,11986
JE4S87eM37,9/2/2024,,No Answer,N/A,N/A,97052
jEQv37K,9/4/2024,Manager,Connected,Smooth,No Interest,71784
JHy472V,9/6/2024,,No Answer,N/A,N/A,35844
JM1ho38,9/13/2024,,No Answer,N/A,N/A,19540
Jm41HjtG4z,9/3/2024,,No Answer,N/A,N/A,68732
jrTE25F,9/12/2024,Manager,Connected,Smooth,No Interest,28147
juQ6APww36,9/3/2024,Manager,Connected,Operator,Deferred to Other Stakeholder,21093
jvFNexI,9/13/2024,Manager,Connected,Operator,Engaged,61925
JVt52R1,9/5/2024,,No Answer,N/A,N/A,35387
jZHzNkV,9/3/2024,,No Answer,N/A,N/A,76405
K04YrshDh3,9/6/2024,Manager,Connected,AI,Engaged,91981
k1667j9,9/5/2024,Manager,Connected,Operator,Deferred to Other Stakeholder,61399
k673DM6,9/13/2024,Owner,Connected,Operator,Engaged,27999
k6NVWuE,9/12/2024,Manager,Connected,Smooth,No Interest,85520
K725QEM,9/5/2024,Owner,Connected,Operator,No interest,92729
k73b8JN,9/3/2024,Manager,Connected,AI,No Interest,66254
K76elKC,9/4/2024,Owner,Connected,AI,No interest,26667
K7MS8U7,9/12/2024,Manager,Connected,Operator,No Interest,75915
K7nxX24,9/10/2024,Manager,Connected,AI,No Interest,59754
KAW7xYP,9/12/2024,,No Answer,N/A,N/A,68121
Kc94TYC,9/5/2024,Owner,Connected,AI,No interest,52305
kGpvg3ae07,9/9/2024,Manager,Connected,Operator,No Interest,34183
KJFgGM3,9/5/2024,Manager,Connected,Smooth,No Interest,51346
kJJL617,9/5/2024,Manager,Connected,Smooth,Deferred to Other Stakeholder,17782
kl727tM,9/2/2024,,No Answer,N/A,N/A,92059
kNi4R3x8p3,9/9/2024,,No Answer,N/A,N/A,13584
KNr0U50,9/4/2024,Manager,Connected,Operator,No Interest,61460
ko4z0mM,9/11/2024,Manager,Connected,AI,Deferred to Other Stakeholder,17661
kq1OXLT,9/10/2024,Owner,Connected,Operator,Engaged,32496
KQa2cCG,9/9/2024,,No Answer,N/A,N/A,78381
kQBLEVD,9/3/2024,Manager,Connected,Smooth,Deferred to Other Stakeholder,22730
Krfb1CdmNR,9/11/2024,Owner,Connected,Operator,No interest,59949
KrFwR4k4Sv,9/9/2024,,No Answer,N/A,N/A,61244
kRW9kW0,9/3/2024,,No Answer,N/A,N/A,18722
KS7Fo94,9/4/2024,Owner,Connected,AI,Engaged,88611
KsEuyl9,9/9/2024,,No Answer,N/A,N/A,29157
KSR36ft0Og,9/2/2024,Manager,Connected,Operator,No Interest,94805
Kt2IB89,9/6/2024,Manager,Connected,Smooth,Deferred to Other Stakeholder,39737
KV0G919,9/5/2024,,No Answer,N/A,N/A,56920
kV53346,9/10/2024,Manager,Connected,AI,No Interest,22402
kV7U435,9/13/2024,,No Answer,N/A,N/A,16228
Kx6M97B,9/4/2024,,No Answer,N/A,N/A,94116
KyDZIe0,9/5/2024,,No Answer,N/A,N/A,56603
KZ4yDI9,9/4/2024,Manager,Connected,AI,No Interest,77949
kzaACXZ,9/6/2024,Manager,Connected,AI,No Interest,12084
Kzkd28zvug,9/11/2024,Manager,Connected,AI,No Interest,31874
l1GN162,9/2/2024,,No Answer,N/A,N/A,30254
l1uK4fc75S,9/9/2024,,No Answer,N/A,N/A,26508
L5jA6B5,9/6/2024,Owner,Connected,Smooth,Engaged,77989
L5ki7Ld24v,9/11/2024,,No Answer,N/A,N/A,64216
L6ayLv5,9/5/2024,,No Answer,N/A,N/A,21977
L7D7hlV,9/2/2024,,No Answer,N/A,N/A,20458
l8VxQ5ygoX,9/12/2024,Manager,Connected,Operator,No Interest,89426
lAOGE43,9/9/2024,Manager,Connected,Operator,Deferred to Other Stakeholder,27293
LbL2khf7b6,9/13/2024,,No Answer,N/A,N/A,27848
Lbwm01X,9/5/2024,Owner,Connected,Operator,Engaged,38141
LdEH4Ky9Ou,9/10/2024,Owner,Connected,Operator,Engaged,39858
lE9AQ11,9/11/2024,Owner,Connected,AI,Engaged,41603
LET511vZrY,9/4/2024,Manager,Connected,Smooth,Deferred to Other Stakeholder,50316
li9n618,9/10/2024,Manager,Connected,Operator,Deferred to Other Stakeholder,47679
lMd7IHtYb6,9/11/2024,Manager,Connected,AI,No Interest,23820
lN702QnT9A,9/4/2024,,No Answer,N/A,N/A,88940
LNVe5r7,9/4/2024,Manager,Connected,Operator,No Interest,85805
LpO1MPtV59,9/13/2024,,No Answer,N/A,N/A,68137
LQ381HR,9/13/2024,Manager,Connected,Operator,No Interest,31774
Lv238SpV9l,9/2/2024,Manager,Connected,Smooth,No Interest,49544
lXg86EkX72,9/11/2024,Manager,Connected,Operator,No Interest,90959
LxOHS4gpZR,9/2/2024,,No Answer,N/A,N/A,99317
LZzWZ5B,9/12/2024,,No Answer,N/A,N/A,59685
m028zsH,9/10/2024,,No Answer,N/A,N/A,66835
M18h2Q7,9/2/2024,,No Answer,N/A,N/A,67848
M1U6ZnshNl,9/4/2024,,No Answer,N/A,N/A,54373
M1WnZJ2,9/11/2024,,No Answer,N/A,N/A,80479
M1YE7xqmJW,9/11/2024,Owner,Connected,AI,Engaged,10821
m463kFU,9/9/2024,Manager,Connected,Operator,No Interest,29925
M4ck8QC,9/4/2024,,No Answer,N/A,N/A,91022
M5Kl145,9/13/2024,Manager,Connected,AI,No Interest,73965
m5T5VG2,9/10/2024,Manager,Connected,Smooth,Deferred to Other Stakeholder,16965
m6O5g0M,9/9/2024,Owner,Connected,Smooth,No interest,33142
Mae6S6T,9/13/2024,Owner,Connected,AI,Engaged,24029
mBLPFt6,9/2/2024,,No Answer,N/A,N/A,34097
MDyWhy9,9/10/2024,Owner,Connected,Operator,No interest,91787
mEBpLwL,9/4/2024,Owner,Connected,Smooth,Engaged,57471
Mf9u5XosmW,9/5/2024,Manager,Connected,AI,No Interest,92674
mG0b1FG,9/4/2024,,No Answer,N/A,N/A,20361
Mg736ccAu2,9/6/2024,Owner,Connected,Operator,Engaged,39257
mH7mco4,9/11/2024,Owner,Connected,AI,No Interest,28639
MiPqrd6,9/3/2024,,No Answer,N/A,N/A,86473
mJ8m43G,9/12/2024,,No Answer,N/A,N/A,26865
MJWz46S,9/2/2024,Manager,Connected,Smooth,No Interest,50942
MjXwhAre08,9/10/2024,Manager,Connected,Operator,No Interest,84601
mlWig4o0Ke,9/5/2024,,No Answer,N/A,N/A,96757
mLY51q3,9/6/2024,,No Answer,N/A,N/A,99033
MLZJM6n3hk,9/4/2024,Manager,Connected,Operator,No Interest,46731
MoM99b8,9/5/2024,Manager,Connected,Operator,No interest,42421
mtu1wt1,9/9/2024,,No Answer,N/A,N/A,51407
n0wb8Yf634,9/10/2024,Manager,Connected,Operator,Deferred to Other Stakeholder,48512
N2M62lkymL,9/9/2024,Manager,Connected,Operator,No Interest,28236
N33n8g1,9/12/2024,Manager,Connected,AI,Engaged,36001
N33n8gD,9/13/2024,Owner,Connected,AI,Engaged,36001
N415rJzeN8,9/6/2024,,No Answer,N/A,N/A,81374
N4z9V9jT8J,9/2/2024,,No Answer,N/A,N/A,47590
N6mj8jhpYI,9/4/2024,Owner,Connected,Smooth,No interest,93210
N8q1N3T,9/3/2024,,No Answer,N/A,N/A,27507
N9T30zQ,9/9/2024,,No Answer,N/A,N/A,92401
nCG5rE1,9/2/2024,Manager,Connected,AI,Engaged,61869
nCG5rEY,9/2/2024,Owner,Connected,AI,Engaged,61869
nCxQzHvO9G,9/6/2024,Manager,Connected,AI,No Interest,65564
NHH5bKfZxP,9/5/2024,Manager,Connected,Smooth,No Interest,65011
NHqjZz6,9/5/2024,Manager,Connected,Smooth,No Interest,78211
nId1521,9/9/2024,Manager,Connected,Operator,Deferred to Other Stakeholder,55075
nJzy1d6,9/4/2024,Owner,Connected,Operator,No interest,39294
nk4kl1I,9/9/2024,Manager,Connected,Smooth,No Interest,27341
NkZsxKoTBc,9/3/2024,,No Answer,N/A,N/A,39138
nL4v5l0,9/5/2024,Manager,Connected,Operator,Deferred to Other Stakeholder,56178
Nm1SGSuoYT,9/5/2024,,No Answer,N/A,N/A,55281
nMh8mbF,9/11/2024,Owner,Connected,AI,Engaged,69059
np25a4h9Sv,9/10/2024,,No Answer,N/A,N/A,54126
np6818l1mD,9/9/2024,Manager,Connected,Smooth,Deferred to Other Stakeholder,29648
NpF7tp1,9/13/2024,Owner,Connected,Smooth,No interest,14244
NsnOkL1,9/3/2024,,No Answer,N/A,N/A,39404
NT16tJ6,9/13/2024,,No Answer,N/A,N/A,36132
NTLRr4oqoC,9/13/2024,,No Answer,N/A,N/A,81187
nTyrsX1,9/3/2024,,No Answer,N/A,N/A,57833
Nu3W2HK,9/5/2024,,No Answer,N/A,N/A,12266
O1j0MmttiU,9/12/2024,Owner,Connected,Smooth,Engaged,66573
O23M365,9/6/2024,,No Answer,N/A,N/A,98543
O3m594F,9/3/2024,Manager,Connected,AI,No Interest,12902
O6C14I8,9/9/2024,,No Answer,N/A,N/A,97255
O8Em51v9XV,9/12/2024,,No Answer,N/A,N/A,26472
O8i0Xiec1D,9/6/2024,,No Answer,N/A,N/A,31610
o8YZ2L5,9/11/2024,,No Answer,N/A,N/A,13915
oGod6lqUMs,9/12/2024,Owner,Connected,AI,Engaged,60248
oM7JiF1,9/3/2024,,No Answer,N/A,N/A,59124
On108o8,9/6/2024,Manager,Connected,Operator,No Interest,86902
oohkgdeL5Q,9/10/2024,Manager,Connected,Operator,Deferred to Other Stakeholder,97126
oRs8JTW,9/11/2024,,No Answer,N/A,N/A,98575
OSd5L69,9/12/2024,Owner,Connected,AI,Engaged,42850
osp5qT6,9/6/2024,Manager,Connected,Operator,No Interest,10750
oT3ca73,9/4/2024,Manager,Connected,Operator,No Interest,33319
OTx26xmiYZ,9/9/2024,,No Answer,N/A,N/A,14618
ouQm6p8,9/4/2024,Manager,Connected,Operator,Deferred to Other Stakeholder,24851
OZDL52E,9/3/2024,,No Answer,N/A,N/A,51812
OZl2201,9/13/2024,Manager,Connected,AI,No Interest,80370
OzXt10c5ev,9/6/2024,Manager,Connected,AI,Deferred to Other Stakeholder,18344
p1G25bdi6n,9/2/2024,Manager,Connected,Operator,No Interest,35867
p21NJn2,9/13/2024,,No Answer,N/A,N/A,91726
p3RqG5Q,9/3/2024,Manager,Connected,AI,Deferred to Other Stakeholder,38255
p4458nr1YS,9/5/2024,,No Answer,N/A,N/A,28583
p4jwTBI,9/2/2024,Manager,Connected,AI,No Interest,31791
p6no3jJ,9/12/2024,,No Answer,N/A,N/A,33630
P8gQ851,9/3/2024,Owner,Connected,Smooth,Engaged,36377
P8Hm8NU,9/9/2024,Manager,Connected,Operator,Deferred to Other Stakeholder,42859
p92T9jM,9/11/2024,Manager,Connected,Operator,Deferred to Other Stakeholder,94444
PayGm9A,9/3/2024,Owner,Connected,Operator,No interest,43991
Pc7r6fF,9/2/2024,,No Answer,N/A,N/A,24538
PGChi26,9/10/2024,Manager,Connected,Operator,No Interest,45633
PGi7n72,9/2/2024,,No Answer,N/A,N/A,79060
pj76kcL,9/5/2024,Manager,Connected,Smooth,No Interest,16276
plOZIR8,9/2/2024,,No Answer,N/A,N/A,86599
Pm5E8YmO1S,9/6/2024,Manager,Connected,Operator,No Interest,73815
Pnd3uV1,9/4/2024,Manager,Connected,Smooth,No Interest,32328
Podf1n3,9/4/2024,Owner,Connected,Operator,No interest,11794
PQ9x3mL,9/4/2024,,No Answer,N/A,N/A,61742
psbWvTbkrV,9/9/2024,,No Answer,N/A,N/A,29742
PTVDvI2,9/4/2024,,No Answer,N/A,N/A,77252
pu7RfOr68j,9/11/2024,Manager,Connected,Operator,Deferred to Other Stakeholder,77534
PueDU65,9/5/2024,,No Answer,N/A,N/A,75077
pwfUR5z30A,9/12/2024,,No Answer,N/A,N/A,73066
pZHD2q7,9/10/2024,,No Answer,N/A,N/A,98924
Q066CPzjlz,9/11/2024,Manager,Connected,Operator,No Interest,67880
Q2o102T,9/13/2024,Manager,Connected,Smooth,No Interest,89870
q4c2CE5,9/12/2024,Owner,Connected,AI,No interest,15961
q73L88O,9/11/2024,Manager,Connected,Smooth,Deferred to Other Stakeholder,88554
Q7l4S2n3FT,9/11/2024,Manager,Connected,AI,No Interest,44856
q7o2M5G,9/12/2024,Owner,Connected,Smooth,Engaged,50072
Q9o79ZF,9/12/2024,Manager,Connected,Operator,Deferred to Other Stakeholder,19147
q9qLsRR,9/6/2024,Manager,Connected,Operator,No Interest,48762
qAA82yW,9/13/2024,Owner,Connected,AI,Engaged,76865
qEH3HJ4,9/2/2024,Manager,Connected,AI,No Interest,93267
qHhFj1N,9/11/2024,Manager,Connected,AI,Deferred to Other Stakeholder,26759
qld770I,9/4/2024,Owner,Connected,AI,No interest,76628
qMfO3i6,9/5/2024,,No Answer,N/A,N/A,82556
QO0Wtgt2PE,9/10/2024,Manager,Connected,Operator,Deferred to Other Stakeholder,33999
qqEMZPR,9/12/2024,,No Answer,N/A,N/A,63362
Qrt7o90,9/3/2024,Owner,Connected,Operator,Deferred to Other Stakeholder,23603
qSvY96yRF3,9/4/2024,,No Answer,N/A,N/A,76601
QUCmGJpN1o,9/3/2024,Manager,Connected,Operator,Deferred to Other Stakeholder,54758
QuDDBU1,9/2/2024,,No Answer,N/A,N/A,90392
QUjpxG5,9/9/2024,,No Answer,N/A,N/A,42870
qvU1welUw9,9/2/2024,,No Answer,N/A,N/A,89776
R173OH8,9/10/2024,Manager,Connected,Operator,Deferred to Other Stakeholder,36914
R2u5U1A,9/3/2024,Manager,Connected,Smooth,Deferred to Other Stakeholder,58112
r5At4qu8Qv,9/4/2024,Manager,Connected,Smooth,Deferred to Other Stakeholder,89155
R5jfw2T,9/10/2024,Owner,Connected,AI,No interest,18347
R7z3mw7,9/5/2024,Owner,Connected,AI,Engaged,25546
r85F30P,9/12/2024,Manager,Connected,Smooth,Deferred to Other Stakeholder,51184
r88ghGu6dN,9/12/2024,Owner,Connected,Operator,No interest,36328
rA9YKy1,9/12/2024,Manager,Connected,Operator,No Interest,95401
RceifRvq63,9/5/2024,Owner,Connected,AI,Engaged,26547
rdA385Z,9/2/2024,,No Answer,N/A,N/A,83510
rGDP5FqulN,9/5/2024,Owner,Connected,Smooth,Engaged,47510
rj9T1QX,9/9/2024,Manager,Connected,Operator,No Interest,79667
rjYLr12,9/12/2024,,No Answer,N/A,N/A,78959
Rk79wr6,9/12/2024,Owner,Connected,Operator,No interest,44350
RkbVwLv0lG,9/13/2024,,No Answer,N/A,N/A,35952
Rl5710t180,9/10/2024,Manager,Connected,Smooth,No Interest,71098
RM1WeN0,9/11/2024,,No Answer,N/A,N/A,55647
rMcZ9b4,9/9/2024,Manager,Connected,Operator,No Interest,41412
RsLi24M,9/4/2024,Manager,Connected,Smooth,No Interest,57139
rSyJ46kPIP,9/13/2024,Owner,Connected,Operator,Engaged,91457
rUymvq9,9/11/2024,Manager,Connected,Smooth,Deferred to Other Stakeholder,77186
Rvb4sVsi01,9/3/2024,Manager,Connected,Smooth,No Interest,73926
rwS7Cwq9M3,9/3/2024,Owner,Connected,Operator,Engaged,59838
RX7s2qy52J,9/10/2024,Manager,Connected,Operator,Deferred to Other Stakeholder,48000
rYeo9E8,9/2/2024,Manager,Connected,AI,No Interest,78290
S0451V9,9/12/2024,Manager,Connected,Operator,Deferred to Other Stakeholder,59851
s05cUDnHqG,9/5/2024,Manager,Connected,Smooth,Deferred to Other Stakeholder,90983
s0HJ2k1,9/10/2024,Manager,Connected,AI,Engaged,60373
S0xS1y1,9/3/2024,Owner,Connected,Smooth,Engaged,73058
S163TJwcd5,9/10/2024,,No Answer,N/A,N/A,77914
S1td83O,9/2/2024,Manager,Connected,Operator,Deferred to Other Stakeholder,44582
s5o8oVO,9/9/2024,Owner,Connected,Smooth,Engaged,78522
s6d8d73,9/5/2024,Manager,Connected,Smooth,Deferred to Other Stakeholder,12907
S7JGefzGSH,9/10/2024,Manager,Connected,AI,No Interest,56019
s8ZGXE2,9/10/2024,Manager,Connected,Operator,No Interest,38145
S96tdxB,9/5/2024,,No Answer,N/A,N/A,46028
SA2bIts4cC,9/9/2024,Owner,Connected,AI,No interest,27297
ScUzZ9I,9/9/2024,,No Answer,N/A,N/A,77077
sddy7W9,9/4/2024,Owner,Connected,Operator,Engaged,46808
sesmujnw17,9/3/2024,Manager,Connected,Operator,Deferred to Other Stakeholder,60158
SeSqnu2,9/2/2024,Owner,Connected,Smooth,No interest,87134
SHpDMb5,9/3/2024,Manager,Connected,Smooth,No Interest,20383
sL5RjG5,9/2/2024,,No Answer,N/A,N/A,90999
SmFXXQ0,9/6/2024,,No Answer,N/A,N/A,84196
sNuRV6A,9/13/2024,Manager,Connected,Operator,Deferred to Other Stakeholder,23736
SnYbW2fu7z,9/6/2024,Manager,Connected,Operator,Deferred to Other Stakeholder,48510
SoBOLfr0AR,9/3/2024,,No Answer,N/A,N/A,68302
Sra3tbkufa,9/2/2024,,No Answer,N/A,N/A,40368
srwMJ88,9/4/2024,Manager,Connected,Operator,No Interest,83537
st9zJWQ,9/4/2024,Manager,Connected,Smooth,No Interest,18695
SUSoJey5HQ,9/2/2024,Manager,Connected,Operator,No Interest,81106
Sx16vCW,9/2/2024,Manager,Connected,Smooth,No Interest,23639
sY0p4q4,9/2/2024,Owner,Connected,AI,Engaged,25099
sZs8DDtDJQ,9/12/2024,,No Answer,N/A,N/A,99965
T1t7ltZ,9/11/2024,Owner,Connected,Operator,No interest,84599
T2y2xkmj59,9/3/2024,,No Answer,N/A,N/A,65538
T4ZPzLyo1A,9/9/2024,Manager,Connected,Smooth,No Interest,84676
t6Go0h2,9/11/2024,,No Answer,N/A,N/A,31704
T79yMG2,9/11/2024,Manager,Connected,Operator,No Interest,61633
T7tLZ87,9/13/2024,Manager,Connected,Smooth,No Interest,89467
t92STjE,9/3/2024,Manager,Connected,Operator,No Interest,79738
t94OUfiyNT,9/10/2024,Manager,Connected,Operator,Deferred to Other Stakeholder,22075
T9N6Rug4w9,9/9/2024,Manager,Connected,Smooth,Deferred to Other Stakeholder,59315
TC8NydiKl7,9/5/2024,Manager,Connected,AI,No Interest,10821
TEF262eWv7,9/6/2024,,No Answer,N/A,N/A,54306
tGUTbhF,9/13/2024,Manager,Connected,Operator,Deferred to Other Stakeholder,59977
Thooe6lI8z,9/11/2024,Owner,Connected,Operator,Deferred to Other Stakeholder,25667
TiDSjZX,9/12/2024,Manager,Connected,AI,Engaged,14541
tiGZihx66L,9/5/2024,Owner,Connected,Operator,No interest,61778
tJH7FK7,9/6/2024,Manager,Connected,AI,No Interest,16404
tK5sfCC,9/5/2024,Owner,Connected,Smooth,No interest,80031
TkFcIY5,9/2/2024,Owner,Connected,Operator,No interest,40294
TlhwMB9,9/3/2024,,No Answer,N/A,N/A,79587
Tlv99xg0Wk,9/11/2024,,No Answer,N/A,N/A,91310
Tm0eE4x5g1,9/3/2024,Manager,Connected,Operator,Deferred to Other Stakeholder,54600
tqA6ilO,9/4/2024,Owner,Connected,AI,No Interest,49321
tRq4apmHNe,9/11/2024,Owner,Connected,Operator,No interest,89606
ts9GGPE,9/3/2024,Manager,Connected,AI,Deferred to Other Stakeholder,75539
tSXcOYY,9/6/2024,Manager,Connected,Operator,Deferred to Other Stakeholder,80378
txogIMn04S,9/10/2024,,No Answer,N/A,N/A,20110
ty1AiFB,9/12/2024,,No Answer,N/A,N/A,82164
ty6zCPX,9/10/2024,Manager,Connected,Operator,Deferred to Other Stakeholder,38996
TY96CrI,9/11/2024,Manager,Connected,Operator,No Interest,83745
tYuBppC,9/4/2024,,No Answer,N/A,N/A,64794
U02v7H1,9/9/2024,,No Answer,N/A,N/A,80995
u0ct70oT81,9/2/2024,Manager,Connected,Operator,Engaged,16516
u0ct70oT85,9/4/2024,Owner,Connected,Operator,Engaged,16516
U12iLSwk7V,9/12/2024,Manager,Connected,Operator,No Interest,94338
u1eh2t7,9/5/2024,Owner,Connected,AI,Engaged,19293
u27j9B2,9/2/2024,Manager,Connected,AI,No Interest,30249
U2S7Da7,9/12/2024,,No Answer,N/A,N/A,10954
U3F56e5,9/10/2024,,No Answer,N/A,N/A,36952
u3fyO37,9/9/2024,,No Answer,N/A,N/A,16611
U4FK6M6,9/13/2024,Owner,Connected,AI,Engaged,62062
u6pW9pE,9/5/2024,Manager,Connected,Smooth,No Interest,75531
U89pe7J,9/3/2024,Owner,Connected,Operator,Engaged,73975
uba2054,9/4/2024,,No Answer,N/A,N/A,68712
ufhBqO3,9/5/2024,Owner,Connected,Operator,No interest,37485
UFv1d93,9/12/2024,Owner,Connected,AI,No Interest,44704
ugKZ2pP,9/3/2024,Manager,Connected,AI,Deferred to Other Stakeholder,33036
uI7j6n8,9/12/2024,,No Answer,N/A,N/A,79232
UINlO60,9/10/2024,,No Answer,N/A,N/A,85497
uJgIU2G,9/9/2024,Owner,Connected,Smooth,No interest,25659
uOd323J,9/9/2024,,No Answer,N/A,N/A,14122
uPtnkDQ,9/13/2024,,No Answer,N/A,N/A,19787
uqS29Po3Vh,9/2/2024,,No Answer,N/A,N/A,90553
ut18I9tA94,9/2/2024,Manager,Connected,AI,No Interest,28066
Uu90a8c8p2,9/6/2024,Manager,Connected,Operator,Engaged,81646
UuNYLg0,9/5/2024,Manager,Connected,AI,No Interest,52339
UUtQL39,9/12/2024,,No Answer,N/A,N/A,91935
UVzztTJ,9/3/2024,Manager,Connected,AI,Deferred to Other Stakeholder,21300
UxoQDPI,9/10/2024,,No Answer,N/A,N/A,19927
Uzxc8r4,9/5/2024,Owner,Connected,Smooth,Engaged,24985
V09XN0U,9/12/2024,Owner,Connected,Operator,Deferred to Other Stakeholder,36474
V3iKpY6,9/6/2024,Manager,Connected,Operator,Engaged,63645
v65iz5P,9/10/2024,,No Answer,N/A,N/A,64249
V94l5LH,9/11/2024,Manager,Connected,Operator,No Interest,74945
v9e54ns9J3,9/6/2024,Owner,Connected,AI,No interest,51489
vb4FR0X,9/2/2024,Manager,Connected,Smooth,No Interest,26392
vC4cIFE,9/12/2024,Manager,Connected,Smooth,No Interest,17434
VDnQ5h3,9/2/2024,Manager,Connected,Smooth,No Interest,31315
vE1Q2m5,9/12/2024,,No Answer,N/A,N/A,20190
vH60O9c0vm,9/5/2024,Manager,Connected,Smooth,Deferred to Other Stakeholder,41781
VI5C07w8DI,9/13/2024,,No Answer,N/A,N/A,45430
VIbLFkR,9/3/2024,Manager,Connected,AI,Deferred to Other Stakeholder,65371
VJ1q2AwRM0,9/11/2024,,No Answer,N/A,N/A,21978
VMcPT3I,9/13/2024,Manager,Connected,AI,No Interest,91589
VME6GorE29,9/5/2024,,No Answer,N/A,N/A,91791
Vo6y1vh4Fd,9/13/2024,,No Answer,N/A,N/A,14100
vOsce86,9/4/2024,,No Answer,N/A,N/A,68753
vPh310l2sW,9/4/2024,Manager,Connected,AI,No Interest,51720
vsB1rNK,9/11/2024,,No Answer,N/A,N/A,97869
VtVcVKD,9/11/2024,,No Answer,N/A,N/A,36460
Vv2DDVp0lC,9/5/2024,,No Answer,N/A,N/A,45931
Vw1qUvA,9/4/2024,Manager,Connected,AI,No Interest,52855
vZE726F,9/3/2024,Manager,Connected,Operator,No Interest,53898
VZpu2FK,9/5/2024,,No Answer,N/A,N/A,83780
W09knL6,9/4/2024,,No Answer,N/A,N/A,85805
w18N3E6,9/6/2024,Manager,Connected,Smooth,No Interest,68388
w2DQxC4,9/9/2024,Manager,Connected,Operator,No Interest,99813
W5Ie0ET,9/10/2024,Manager,Connected,Operator,No Interest,90791
w686m16,9/4/2024,Manager,Connected,Smooth,No Interest,18244
w8wEWZ6,9/13/2024,,No Answer,N/A,N/A,98196
wau3471,9/12/2024,Manager,Connected,AI,Engaged,72270
Wb6jSR0,9/10/2024,,No Answer,N/A,N/A,93241
WbtFkiZ,9/13/2024,Manager,Connected,Operator,No Interest,66458
WdWAE06,9/4/2024,Manager,Connected,Operator,No Interest,47925
We67tuE,9/9/2024,,No Answer,N/A,N/A,87938
wF6lLRE,9/11/2024,Owner,Connected,Smooth,Engaged,70860
WF9F6ZmTt3,9/9/2024,Owner,Connected,AI,No Interest,51415
wfY9uJL,9/5/2024,Manager,Connected,Smooth,No Interest,63605
WfZ24RhorY,9/6/2024,Owner,Connected,Smooth,Engaged,18988
WG457Cq01H,9/11/2024,Manager,Connected,Smooth,No Interest,11035
WhN5Ta0,9/12/2024,Owner,Connected,AI,No interest,65345
WK6W05griV,9/6/2024,Manager,Connected,AI,No Interest,18176
woO720xQWj,9/6/2024,Manager,Connected,Operator,No Interest,17031
WOW0J9X,9/6/2024,Owner,Connected,AI,No interest,90571
WrN5oXJ,9/6/2024,Manager,Connected,AI,No Interest,28315
WSHc811,9/12/2024,Manager,Connected,Smooth,No Interest,81403
wsp62fpN7f,9/9/2024,Manager,Connected,AI,No Interest,19595
WwrvpmiNC8,9/12/2024,Owner,Connected,Smooth,Engaged,94172
wx0J3WhDy6,9/5/2024,,No Answer,N/A,N/A,81259
WXk9oDH,9/11/2024,Owner,Connected,Smooth,No interest,28324
WYykc1V,9/3/2024,,No Answer,N/A,N/A,51936
x06Kx71,9/16/2024,Manager,Connected,Operator,Engaged,19051
x06Kx74,9/11/2024,Owner,Connected,Operator,Engaged,19051
x1JShV3,9/3/2024,Manager,Connected,AI,No Interest,32251
X3ZdPhqN8A,9/5/2024,,No Answer,N/A,N/A,23998
X5MgVK4,9/5/2024,,No Answer,N/A,N/A,91253
x6MQY6e001,9/3/2024,Manager,Connected,Smooth,No Interest,72029
X6R0y3P,9/3/2024,,No Answer,N/A,N/A,32539
X98Dh91,9/10/2024,Manager,Connected,Operator,Engaged,33590
X98Dh95,9/11/2024,Owner,Connected,Operator,Engaged,33590
X9ygfZottQ,9/11/2024,Manager,Connected,Operator,Deferred to Other Stakeholder,35094
Xa2UhU1,9/4/2024,Owner,Connected,Smooth,Engaged,33928
XAVcqQ3,9/13/2024,Manager,Connected,Operator,Deferred to Other Stakeholder,19510
Xb2TC1y0Nv,9/2/2024,,No Answer,N/A,N/A,17720
xBA3TVS,9/9/2024,,No Answer,N/A,N/A,40718
xfcluK7,9/6/2024,,No Answer,N/A,N/A,30973
xFFLp74,9/5/2024,,No Answer,N/A,N/A,54330
xHr8T3D,9/6/2024,Manager,Connected,AI,No Interest,13137
XjfV376,9/10/2024,,No Answer,N/A,N/A,30294
xM0yT5x26a,9/3/2024,Owner,Connected,Smooth,Engaged,57959
Xn2Lkrk28W,9/5/2024,Manager,Connected,Operator,Deferred to Other Stakeholder,54584
xoU80af6H3,9/4/2024,Owner,Connected,Operator,Engaged,42358
Xty4W5mwKS,9/12/2024,Owner,Connected,Smooth,Engaged,76800
y08jDm8,9/11/2024,Owner,Connected,Smooth,No interest,64803
Y0TNM8sJdv,9/5/2024,Manager,Connected,AI,No interest,99115
y1EiOj1,9/12/2024,Manager,Connected,AI,Engaged,27007
y1EiOjK,9/13/2024,Owner,Connected,AI,Engaged,27007
y1IoX22,9/10/2024,Manager,Connected,Smooth,No Interest,99948
Y2m64KX,9/4/2024,Owner,Connected,Operator,No interest,16376
Y31KviD,9/6/2024,Manager,Connected,AI,No Interest,90381
Y34C4K3,9/12/2024,Manager,Connected,Operator,Deferred to Other Stakeholder,66641
Y3rKk1ht2M,9/9/2024,Manager,Connected,Operator,No Interest,48560
Y3wTptD,9/5/2024,,No Answer,N/A,N/A,59005
y9an1bO,9/6/2024,Manager,Connected,Operator,No Interest,40572
y9KPDE6,9/4/2024,Manager,Connected,Operator,No Interest,96993
yF7GM73,9/11/2024,Manager,Connected,Operator,Deferred to Other Stakeholder,87606
yfy3yiN,9/5/2024,,No Answer,N/A,N/A,44280
YgQ9K84,9/12/2024,Manager,Connected,AI,No interest,96743
YiWY36gh3U,9/4/2024,Owner,Connected,Operator,Engaged,48045
yjuV1SL,9/4/2024,Manager,Connected,Operator,No Interest,61083
yML75XM,9/10/2024,Manager,Connected,Smooth,No Interest,74118
ys2opg0,9/11/2024,,No Answer,N/A,N/A,46824
yT52UW1,9/3/2024,Manager,Connected,Operator,Engaged,22044
yT52UW7,9/6/2024,Owner,Connected,Operator,Engaged,22044
YwM9rt6,9/6/2024,Owner,Connected,Smooth,No interest,50499
yxXn14d75r,9/4/2024,Manager,Connected,AI,No Interest,59718
z0JYvIH,9/2/2024,Manager,Connected,Smooth,Engaged,85296
Z0nUy4f6qv,9/2/2024,,No Answer,N/A,N/A,64233
Z2R15zP,9/4/2024,Owner,Connected,AI,Engaged,36068
Z46009gSw9,9/12/2024,Manager,Connected,Operator,Engaged,80855
Z5NX1hocRC,9/5/2024,Owner,Connected,Operator,Engaged,31872
Z6m67MnmBu,9/12/2024,Manager,Connected,Smooth,No Interest,84322
z770Ic2,9/5/2024,,No Answer,N/A,N/A,85398
z7b6P6V,9/4/2024,Owner,Connected,Smooth,Engaged,88503
Z8Fx34f4ZV,9/9/2024,Manager,Connected,Operator,Deferred to Other Stakeholder,43603
Z8ho9HC,9/6/2024,Manager,Connected,Operator,No Interest,38213
zA0xrIny3Y,9/13/2024,Owner,Connected,AI,Engaged,74566
Zf29Q99,9/2/2024,Manager,Connected,Operator,No Interest,93336
zf8p8l4,9/3/2024,,No Answer,N/A,N/A,99679
ZJSYoMU,9/13/2024,Owner,Connected,Operator,No interest,68858
zJy2203,9/13/2024,,No Answer,N/A,N/A,28494
ZJyPPNN,9/13/2024,,No Answer,N/A,N/A,98317
zNjwX2A,9/6/2024,,No Answer,N/A,N/A,98218
ZOKL2hM,9/5/2024,Manager,Connected,AI,No Interest,72126
zp2gtzmF42,9/9/2024,Manager,Connected,Operator,Deferred to Other Stakeholder,43628
ZS0bCy2,9/13/2024,Owner,Connected,Operator,No interest,37033
zS0OI4jbdh,9/5/2024,,No Answer,N/A,N/A,59795
ZteLd7N,9/12/2024,Manager,Connected,AI,No Interest,28647
ZTXr9MU,9/10/2024,Manager,Connected,AI,No interest,95355
zWbWTuB,9/11/2024,Owner,Connected,Operator,Engaged,34164
zX9J13a86C,9/11/2024,,No Answer,N/A,N/A,53965
zXDOkrJ,9/11/2024,Manager,Connected,AI,No interest,89309
zxtpP89,9/9/2024,Manager,Connected,Operator,No Interest,53535